{"cameraMode":{"drawMode":0,"name":"Shaded","section":"Shading Mode"},"sceneLighting":true,"audioPlay":false,"sceneViewState":{"showFog":false,"showMaterialUpdate":false,"showSkybox":false,"showFlares":false,"showImageEffects":false,"showParticleSystems":false},"in2DMode":false,"pivot":{"x":0.000850927084684372,"y":0.1987898051738739,"z":0.0001196637749671936},"rotation":{"x":-0.6931138634681702,"y":-0.15297454595565797,"z":0.15426528453826905,"w":-0.6873094439506531},"size":0.7084309458732605,"orthographic":true}